Time;MoteID;State;Value;TotalTicks;Permil
120262000;1;Energest  ] CPU;528080;  60000000 ;8
120262000;1;Energest  ] LPM;59471920;  60000000 ;991
120262000;1;Energest  ] Deep LPM;0;  60000000 ;0
120262000;1;Energest  ] Radio Tx;380360;  60000000 ;6
120262000;1;Energest  ] Radio Rx;59619640;  60000000 ;993
120262000;1;Energest  ] Radio total;60000000;  60000000 ;1000
120383000;5;Energest  ] CPU;1043512;  60000000 ;17
120383000;5;Energest  ] LPM;58956488;  60000000 ;982
120383000;5;Energest  ] Deep LPM;0;  60000000 ;0
120383000;5;Energest  ] Radio Tx;745072;  60000000 ;12
120383000;5;Energest  ] Radio Rx;59254928;  60000000 ;987
120383000;5;Energest  ] Radio total;60000000;  60000000 ;1000
120390000;7;Energest  ] CPU;875488;  60000000 ;14
120390000;7;Energest  ] LPM;59124512;  60000000 ;985
120390000;7;Energest  ] Deep LPM;0;  60000000 ;0
120390000;7;Energest  ] Radio Tx;625160;  60000000 ;10
120390000;7;Energest  ] Radio Rx;59374840;  60000000 ;989
120390000;7;Energest  ] Radio total;60000000;  60000000 ;1000
120527000;3;Energest  ] CPU;92720;  60000000 ;1
120527000;3;Energest  ] LPM;59907280;  60000000 ;998
120527000;3;Energest  ] Deep LPM;0;  60000000 ;0
120527000;3;Energest  ] Radio Tx;65472;  60000000 ;1
120527000;3;Energest  ] Radio Rx;59934528;  60000000 ;998
120527000;3;Energest  ] Radio total;60000000;  60000000 ;1000
120576000;6;Energest  ] CPU;88392;  60000000 ;1
120576000;6;Energest  ] LPM;59911608;  60000000 ;998
120576000;6;Energest  ] Deep LPM;0;  60000000 ;0
120576000;6;Energest  ] Radio Tx;63336;  60000000 ;1
120576000;6;Energest  ] Radio Rx;59936664;  60000000 ;998
120576000;6;Energest  ] Radio total;60000000;  60000000 ;1000
120739000;2;Energest  ] CPU;97384;  60000000 ;1
120739000;2;Energest  ] LPM;59902616;  60000000 ;998
120739000;2;Energest  ] Deep LPM;0;  60000000 ;0
120739000;2;Energest  ] Radio Tx;64592;  60000000 ;1
120739000;2;Energest  ] Radio Rx;59935408;  60000000 ;998
120739000;2;Energest  ] Radio total;60000000;  60000000 ;1000
120858000;4;Energest  ] CPU;336240;  60000000 ;5
120858000;4;Energest  ] LPM;59663760;  60000000 ;994
120858000;4;Energest  ] Deep LPM;0;  60000000 ;0
120858000;4;Energest  ] Radio Tx;235728;  60000000 ;3
120858000;4;Energest  ] Radio Rx;59764272;  60000000 ;996
120858000;4;Energest  ] Radio total;60000000;  60000000 ;1000
180262000;1;Energest  ] CPU;921928;  60000000 ;15
180262000;1;Energest  ] LPM;59078072;  60000000 ;984
180262000;1;Energest  ] Deep LPM;0;  60000000 ;0
180262000;1;Energest  ] Radio Tx;426632;  60000000 ;7
180262000;1;Energest  ] Radio Rx;53573368;  60000000 ;892
180262000;1;Energest  ] Radio total;54000000;  60000000 ;900
180383000;5;Energest  ] CPU;1599216;  60000000 ;26
180383000;5;Energest  ] LPM;58400784;  60000000 ;973
180383000;5;Energest  ] Deep LPM;0;  60000000 ;0
180383000;5;Energest  ] Radio Tx;829856;  60000000 ;13
180383000;5;Energest  ] Radio Rx;54120440;  60000000 ;902
180383000;5;Energest  ] Radio total;54950296;  60000000 ;915
180390000;7;Energest  ] CPU;1481776;  60000000 ;24
180390000;7;Energest  ] LPM;58518224;  60000000 ;975
180390000;7;Energest  ] Deep LPM;0;  60000000 ;0
180390000;7;Energest  ] Radio Tx;705768;  60000000 ;11
180390000;7;Energest  ] Radio Rx;55544232;  60000000 ;925
180390000;7;Energest  ] Radio total;56250000;  60000000 ;937
180527000;3;Energest  ] CPU;480720;  60000000 ;8
180527000;3;Energest  ] LPM;59519280;  60000000 ;991
180527000;3;Energest  ] Deep LPM;0;  60000000 ;0
180527000;3;Energest  ] Radio Tx;63472;  60000000 ;1
180527000;3;Energest  ] Radio Rx;56036528;  60000000 ;933
180527000;3;Energest  ] Radio total;56100000;  60000000 ;935
180576000;6;Energest  ] CPU;719312;  60000000 ;11
180576000;6;Energest  ] LPM;59280688;  60000000 ;988
180576000;6;Energest  ] Deep LPM;0;  60000000 ;0
180576000;6;Energest  ] Radio Tx;113064;  60000000 ;1
180576000;6;Energest  ] Radio Rx;54824776;  60000000 ;913
180576000;6;Energest  ] Radio total;54937840;  60000000 ;915
180739000;2;Energest  ] CPU;238000;  60000000 ;3
180739000;2;Energest  ] LPM;59762000;  60000000 ;996
180739000;2;Energest  ] Deep LPM;0;  60000000 ;0
180739000;2;Energest  ] Radio Tx;122888;  60000000 ;2
180739000;2;Energest  ] Radio Rx;51251032;  60000000 ;854
180739000;2;Energest  ] Radio total;51373920;  60000000 ;856
180858000;4;Energest  ] CPU;627880;  60000000 ;10
180858000;4;Energest  ] LPM;59372120;  60000000 ;989
180858000;4;Energest  ] Deep LPM;0;  60000000 ;0
180858000;4;Energest  ] Radio Tx;247512;  60000000 ;4
180858000;4;Energest  ] Radio Rx;54652488;  60000000 ;910
180858000;4;Energest  ] Radio total;54900000;  60000000 ;915
240262000;1;Energest  ] CPU;861896;  60000000 ;14
240262000;1;Energest  ] LPM;59138104;  60000000 ;985
240262000;1;Energest  ] Deep LPM;0;  60000000 ;0
240262000;1;Energest  ] Radio Tx;394528;  60000000 ;6
240262000;1;Energest  ] Radio Rx;58405472;  60000000 ;973
240262000;1;Energest  ] Radio total;58800000;  60000000 ;980
240383000;5;Energest  ] CPU;1531768;  60000000 ;25
240383000;5;Energest  ] LPM;58468232;  60000000 ;974
240383000;5;Energest  ] Deep LPM;0;  60000000 ;0
240383000;5;Energest  ] Radio Tx;783944;  60000000 ;13
240383000;5;Energest  ] Radio Rx;56174056;  60000000 ;936
240383000;5;Energest  ] Radio total;56958000;  60000000 ;949
240390000;7;Energest  ] CPU;1497848;  60000000 ;24
240390000;7;Energest  ] LPM;58502152;  60000000 ;975
240390000;7;Energest  ] Deep LPM;0;  60000000 ;0
240390000;7;Energest  ] Radio Tx;708184;  60000000 ;11
240390000;7;Energest  ] Radio Rx;58691816;  60000000 ;978
240390000;7;Energest  ] Radio total;59400000;  60000000 ;990
240527000;3;Energest  ] CPU;473520;  60000000 ;7
240527000;3;Energest  ] LPM;59526480;  60000000 ;992
240527000;3;Energest  ] Deep LPM;0;  60000000 ;0
240527000;3;Energest  ] Radio Tx;59368;  60000000 ;0
240527000;3;Energest  ] Radio Rx;57690632;  60000000 ;961
240527000;3;Energest  ] Radio total;57750000;  60000000 ;962
240576000;6;Energest  ] CPU;792736;  60000000 ;13
240576000;6;Energest  ] LPM;59207264;  60000000 ;986
240576000;6;Energest  ] Deep LPM;0;  60000000 ;0
240576000;6;Energest  ] Radio Tx;162008;  60000000 ;2
240576000;6;Energest  ] Radio Rx;56781912;  60000000 ;946
240576000;6;Energest  ] Radio total;56943920;  60000000 ;949
240739000;2;Energest  ] CPU;187680;  60000000 ;3
240739000;2;Energest  ] LPM;59812320;  60000000 ;996
240739000;2;Energest  ] Deep LPM;0;  60000000 ;0
240739000;2;Energest  ] Radio Tx;103280;  60000000 ;1
240739000;2;Energest  ] Radio Rx;45065840;  60000000 ;751
240739000;2;Energest  ] Radio total;45169120;  60000000 ;752
240858000;4;Energest  ] CPU;592168;  60000000 ;9
240858000;4;Energest  ] LPM;59407832;  60000000 ;990
240858000;4;Energest  ] Deep LPM;0;  60000000 ;0
240858000;4;Energest  ] Radio Tx;229560;  60000000 ;3
240858000;4;Energest  ] Radio Rx;56020440;  60000000 ;933
240858000;4;Energest  ] Radio total;56250000;  60000000 ;937
300262000;1;Energest  ] CPU;862528;  60000000 ;14
300262000;1;Energest  ] LPM;59137472;  60000000 ;985
300262000;1;Energest  ] Deep LPM;0;  60000000 ;0
300262000;1;Energest  ] Radio Tx;399520;  60000000 ;6
300262000;1;Energest  ] Radio Rx;55850480;  60000000 ;930
300262000;1;Energest  ] Radio total;56250000;  60000000 ;937
300383000;5;Energest  ] CPU;1558264;  60000000 ;25
300383000;5;Energest  ] LPM;58441736;  60000000 ;974
300383000;5;Energest  ] Deep LPM;0;  60000000 ;0
300383000;5;Energest  ] Radio Tx;803528;  60000000 ;13
300383000;5;Energest  ] Radio Rx;53388472;  60000000 ;889
300383000;5;Energest  ] Radio total;54192000;  60000000 ;903
300390000;7;Energest  ] CPU;1434872;  60000000 ;23
300390000;7;Energest  ] LPM;58565128;  60000000 ;976
300390000;7;Energest  ] Deep LPM;0;  60000000 ;0
300390000;7;Energest  ] Radio Tx;683904;  60000000 ;11
300390000;7;Energest  ] Radio Rx;55716096;  60000000 ;928
300390000;7;Energest  ] Radio total;56400000;  60000000 ;940
300527000;3;Energest  ] CPU;542464;  60000000 ;9
300527000;3;Energest  ] LPM;59457536;  60000000 ;990
300527000;3;Energest  ] Deep LPM;0;  60000000 ;0
300527000;3;Energest  ] Radio Tx;100216;  60000000 ;1
300527000;3;Energest  ] Radio Rx;55728768;  60000000 ;928
300527000;3;Energest  ] Radio total;55828984;  60000000 ;930
300576000;6;Energest  ] CPU;685736;  60000000 ;11
300576000;6;Energest  ] LPM;59314264;  60000000 ;988
300576000;6;Energest  ] Deep LPM;0;  60000000 ;0
300576000;6;Energest  ] Radio Tx;91584;  60000000 ;1
300576000;6;Energest  ] Radio Rx;54231216;  60000000 ;903
300576000;6;Energest  ] Radio total;54322800;  60000000 ;905
300739000;2;Energest  ] CPU;167976;  60000000 ;2
300739000;2;Energest  ] LPM;59832024;  60000000 ;997
300739000;2;Energest  ] Deep LPM;0;  60000000 ;0
300739000;2;Energest  ] Radio Tx;80344;  60000000 ;1
300739000;2;Energest  ] Radio Rx;51248824;  60000000 ;854
300739000;2;Energest  ] Radio total;51329168;  60000000 ;855
300858000;4;Energest  ] CPU;630240;  60000000 ;10
300858000;4;Energest  ] LPM;59369760;  60000000 ;989
300858000;4;Energest  ] Deep LPM;0;  60000000 ;0
300858000;4;Energest  ] Radio Tx;253784;  60000000 ;4
300858000;4;Energest  ] Radio Rx;52996216;  60000000 ;883
300858000;4;Energest  ] Radio total;53250000;  60000000 ;887
360262000;1;Energest  ] CPU;902424;  60000000 ;15
360262000;1;Energest  ] LPM;59097576;  60000000 ;984
360262000;1;Energest  ] Deep LPM;0;  60000000 ;0
360262000;1;Energest  ] Radio Tx;416032;  60000000 ;6
360262000;1;Energest  ] Radio Rx;58383968;  60000000 ;973
360262000;1;Energest  ] Radio total;58800000;  60000000 ;980
360383000;5;Energest  ] CPU;1603496;  60000000 ;26
360383000;5;Energest  ] LPM;58396504;  60000000 ;973
360383000;5;Energest  ] Deep LPM;0;  60000000 ;0
360383000;5;Energest  ] Radio Tx;827800;  60000000 ;13
360383000;5;Energest  ] Radio Rx;55572200;  60000000 ;926
360383000;5;Energest  ] Radio total;56400000;  60000000 ;940
360390000;7;Energest  ] CPU;1464264;  60000000 ;24
360390000;7;Energest  ] LPM;58535736;  60000000 ;975
360390000;7;Energest  ] Deep LPM;0;  60000000 ;0
360390000;7;Energest  ] Radio Tx;686024;  60000000 ;11
360390000;7;Energest  ] Radio Rx;58263976;  60000000 ;971
360390000;7;Energest  ] Radio total;58950000;  60000000 ;982
360527000;3;Energest  ] CPU;657392;  60000000 ;10
360527000;3;Energest  ] LPM;59342608;  60000000 ;989
360527000;3;Energest  ] Deep LPM;0;  60000000 ;0
360527000;3;Energest  ] Radio Tx;173408;  60000000 ;2
360527000;3;Energest  ] Radio Rx;58979232;  60000000 ;982
360527000;3;Energest  ] Radio total;59152640;  60000000 ;985
360576000;6;Energest  ] CPU;697080;  60000000 ;11
360576000;6;Energest  ] LPM;59302920;  60000000 ;988
360576000;6;Energest  ] Deep LPM;0;  60000000 ;0
360576000;6;Energest  ] Radio Tx;81832;  60000000 ;1
360576000;6;Energest  ] Radio Rx;56336872;  60000000 ;938
360576000;6;Energest  ] Radio total;56418704;  60000000 ;940
360739000;2;Energest  ] CPU;236904;  60000000 ;3
360739000;2;Energest  ] LPM;59763096;  60000000 ;996
360739000;2;Energest  ] Deep LPM;0;  60000000 ;0
360739000;2;Energest  ] Radio Tx;108696;  60000000 ;1
360739000;2;Energest  ] Radio Rx;49889432;  60000000 ;831
360739000;2;Energest  ] Radio total;49998128;  60000000 ;833
360858000;4;Energest  ] CPU;647832;  60000000 ;10
360858000;4;Energest  ] LPM;59352168;  60000000 ;989
360858000;4;Energest  ] Deep LPM;0;  60000000 ;0
360858000;4;Energest  ] Radio Tx;235128;  60000000 ;3
360858000;4;Energest  ] Radio Rx;56125872;  60000000 ;935
360858000;4;Energest  ] Radio total;56361000;  60000000 ;939
420262000;1;Energest  ] CPU;1208936;  60000000 ;20
420262000;1;Energest  ] LPM;58791064;  60000000 ;979
420262000;1;Energest  ] Deep LPM;0;  60000000 ;0
420262000;1;Energest  ] Radio Tx;575520;  60000000 ;9
420262000;1;Energest  ] Radio Rx;58224480;  60000000 ;970
420262000;1;Energest  ] Radio total;58800000;  60000000 ;980
420383000;5;Energest  ] CPU;2052984;  60000000 ;34
420383000;5;Energest  ] LPM;57947016;  60000000 ;965
420383000;5;Energest  ] Deep LPM;0;  60000000 ;0
420383000;5;Energest  ] Radio Tx;1058040;  60000000 ;17
420383000;5;Energest  ] Radio Rx;57741960;  60000000 ;962
420383000;5;Energest  ] Radio total;58800000;  60000000 ;980
420390000;7;Energest  ] CPU;2005120;  60000000 ;33
420390000;7;Energest  ] LPM;57994880;  60000000 ;966
420390000;7;Energest  ] Deep LPM;0;  60000000 ;0
420390000;7;Energest  ] Radio Tx;973176;  60000000 ;16
420390000;7;Energest  ] Radio Rx;57845624;  60000000 ;964
420390000;7;Energest  ] Radio total;58818800;  60000000 ;980
420527000;3;Energest  ] CPU;878672;  60000000 ;14
420527000;3;Energest  ] LPM;59121328;  60000000 ;985
420527000;3;Energest  ] Deep LPM;0;  60000000 ;0
420527000;3;Energest  ] Radio Tx;260800;  60000000 ;4
420527000;3;Energest  ] Radio Rx;58415520;  60000000 ;973
420527000;3;Energest  ] Radio total;58676320;  60000000 ;977
420576000;6;Energest  ] CPU;842640;  60000000 ;14
420576000;6;Energest  ] LPM;59157360;  60000000 ;985
420576000;6;Energest  ] Deep LPM;0;  60000000 ;0
420576000;6;Energest  ] Radio Tx;61592;  60000000 ;1
420576000;6;Energest  ] Radio Rx;58738408;  60000000 ;978
420576000;6;Energest  ] Radio total;58800000;  60000000 ;980
420739000;2;Energest  ] CPU;270152;  60000000 ;4
420739000;2;Energest  ] LPM;59729848;  60000000 ;995
420739000;2;Energest  ] Deep LPM;0;  60000000 ;0
420739000;2;Energest  ] Radio Tx;127656;  60000000 ;2
420739000;2;Energest  ] Radio Rx;52724696;  60000000 ;878
420739000;2;Energest  ] Radio total;52852352;  60000000 ;880
420858000;4;Energest  ] CPU;878384;  60000000 ;14
420858000;4;Energest  ] LPM;59121616;  60000000 ;985
420858000;4;Energest  ] Deep LPM;0;  60000000 ;0
420858000;4;Energest  ] Radio Tx;308280;  60000000 ;5
420858000;4;Energest  ] Radio Rx;58080720;  60000000 ;968
420858000;4;Energest  ] Radio total;58389000;  60000000 ;973
480262000;1;Energest  ] CPU;1099728;  60000000 ;18
480262000;1;Energest  ] LPM;58900272;  60000000 ;981
480262000;1;Energest  ] Deep LPM;0;  60000000 ;0
480262000;1;Energest  ] Radio Tx;525040;  60000000 ;8
480262000;1;Energest  ] Radio Rx;57224960;  60000000 ;953
480262000;1;Energest  ] Radio total;57750000;  60000000 ;962
480383000;5;Energest  ] CPU;1943416;  60000000 ;32
480383000;5;Energest  ] LPM;58056584;  60000000 ;967
480383000;5;Energest  ] Deep LPM;0;  60000000 ;0
480383000;5;Energest  ] Radio Tx;998056;  60000000 ;16
480383000;5;Energest  ] Radio Rx;57201944;  60000000 ;953
480383000;5;Energest  ] Radio total;58200000;  60000000 ;970
480390000;7;Energest  ] CPU;1846848;  60000000 ;30
480390000;7;Energest  ] LPM;58153152;  60000000 ;969
480390000;7;Energest  ] Deep LPM;0;  60000000 ;0
480390000;7;Energest  ] Radio Tx;896928;  60000000 ;14
480390000;7;Energest  ] Radio Rx;57321112;  60000000 ;955
480390000;7;Energest  ] Radio total;58218040;  60000000 ;970
480527000;3;Energest  ] CPU;761328;  60000000 ;12
480527000;3;Energest  ] LPM;59238672;  60000000 ;987
480527000;3;Energest  ] Deep LPM;0;  60000000 ;0
480527000;3;Energest  ] Radio Tx;208776;  60000000 ;3
480527000;3;Energest  ] Radio Rx;57117544;  60000000 ;951
480527000;3;Energest  ] Radio total;57326320;  60000000 ;955
480576000;6;Energest  ] CPU;803736;  60000000 ;13
480576000;6;Energest  ] LPM;59196264;  60000000 ;986
480576000;6;Energest  ] Deep LPM;0;  60000000 ;0
480576000;6;Energest  ] Radio Tx;71928;  60000000 ;1
480576000;6;Energest  ] Radio Rx;58131832;  60000000 ;968
480576000;6;Energest  ] Radio total;58203760;  60000000 ;970
480739000;2;Energest  ] CPU;190408;  60000000 ;3
480739000;2;Energest  ] LPM;59809592;  60000000 ;996
480739000;2;Energest  ] Deep LPM;0;  60000000 ;0
480739000;2;Energest  ] Radio Tx;81872;  60000000 ;1
480739000;2;Energest  ] Radio Rx;45307928;  60000000 ;755
480739000;2;Energest  ] Radio total;45389800;  60000000 ;756
480858000;4;Energest  ] CPU;824664;  60000000 ;13
480858000;4;Energest  ] LPM;59175336;  60000000 ;986
480858000;4;Energest  ] Deep LPM;0;  60000000 ;0
480858000;4;Energest  ] Radio Tx;296552;  60000000 ;4
480858000;4;Energest  ] Radio Rx;57003448;  60000000 ;950
480858000;4;Energest  ] Radio total;57300000;  60000000 ;955
540262000;1;Energest  ] CPU;1138672;  60000000 ;18
540262000;1;Energest  ] LPM;58861328;  60000000 ;981
540262000;1;Energest  ] Deep LPM;0;  60000000 ;0
540262000;1;Energest  ] Radio Tx;535696;  60000000 ;8
540262000;1;Energest  ] Radio Rx;57964304;  60000000 ;966
540262000;1;Energest  ] Radio total;58500000;  60000000 ;975
540383000;5;Energest  ] CPU;2002696;  60000000 ;33
540383000;5;Energest  ] LPM;57997304;  60000000 ;966
540383000;5;Energest  ] Deep LPM;0;  60000000 ;0
540383000;5;Energest  ] Radio Tx;1034504;  60000000 ;17
540383000;5;Energest  ] Radio Rx;57334344;  60000000 ;955
540383000;5;Energest  ] Radio total;58368848;  60000000 ;972
540390000;7;Energest  ] CPU;1983888;  60000000 ;33
540390000;7;Energest  ] LPM;58016112;  60000000 ;966
540390000;7;Energest  ] Deep LPM;0;  60000000 ;0
540390000;7;Energest  ] Radio Tx;960936;  60000000 ;16
540390000;7;Energest  ] Radio Rx;57689064;  60000000 ;961
540390000;7;Energest  ] Radio total;58650000;  60000000 ;977
540527000;3;Energest  ] CPU;783728;  60000000 ;13
540527000;3;Energest  ] LPM;59216272;  60000000 ;986
540527000;3;Energest  ] Deep LPM;0;  60000000 ;0
540527000;3;Energest  ] Radio Tx;204464;  60000000 ;3
540527000;3;Energest  ] Radio Rx;58145536;  60000000 ;969
540527000;3;Energest  ] Radio total;58350000;  60000000 ;972
540576000;6;Energest  ] CPU;809424;  60000000 ;13
540576000;6;Energest  ] LPM;59190576;  60000000 ;986
540576000;6;Energest  ] Deep LPM;0;  60000000 ;0
540576000;6;Energest  ] Radio Tx;58272;  60000000 ;0
540576000;6;Energest  ] Radio Rx;58291728;  60000000 ;971
540576000;6;Energest  ] Radio total;58350000;  60000000 ;972
540739000;2;Energest  ] CPU;295712;  60000000 ;4
540739000;2;Energest  ] LPM;59704288;  60000000 ;995
540739000;2;Energest  ] Deep LPM;0;  60000000 ;0
540739000;2;Energest  ] Radio Tx;144552;  60000000 ;2
540739000;2;Energest  ] Radio Rx;52195088;  60000000 ;869
540739000;2;Energest  ] Radio total;52339640;  60000000 ;872
540858000;4;Energest  ] CPU;884208;  60000000 ;14
540858000;4;Energest  ] LPM;59115792;  60000000 ;985
540858000;4;Energest  ] Deep LPM;0;  60000000 ;0
540858000;4;Energest  ] Radio Tx;310440;  60000000 ;5
540858000;4;Energest  ] Radio Rx;58039560;  60000000 ;967
540858000;4;Energest  ] Radio total;58350000;  60000000 ;972
600262000;1;Energest  ] CPU;1166648;  60000000 ;19
600262000;1;Energest  ] LPM;58833352;  60000000 ;980
600262000;1;Energest  ] Deep LPM;0;  60000000 ;0
600262000;1;Energest  ] Radio Tx;556744;  60000000 ;9
600262000;1;Energest  ] Radio Rx;57343256;  60000000 ;955
600262000;1;Energest  ] Radio total;57900000;  60000000 ;965
600383000;5;Energest  ] CPU;2054576;  60000000 ;34
600383000;5;Energest  ] LPM;57945424;  60000000 ;965
600383000;5;Energest  ] Deep LPM;0;  60000000 ;0
600383000;5;Energest  ] Radio Tx;1065480;  60000000 ;17
600383000;5;Energest  ] Radio Rx;56846688;  60000000 ;947
600383000;5;Energest  ] Radio total;57912168;  60000000 ;965
600390000;7;Energest  ] CPU;1956448;  60000000 ;32
600390000;7;Energest  ] LPM;58043552;  60000000 ;967
600390000;7;Energest  ] Deep LPM;0;  60000000 ;0
600390000;7;Energest  ] Radio Tx;945944;  60000000 ;15
600390000;7;Energest  ] Radio Rx;56984392;  60000000 ;949
600390000;7;Energest  ] Radio total;57930336;  60000000 ;965
600527000;3;Energest  ] CPU;822216;  60000000 ;13
600527000;3;Energest  ] LPM;59177784;  60000000 ;986
600527000;3;Energest  ] Deep LPM;0;  60000000 ;0
600527000;3;Energest  ] Radio Tx;224792;  60000000 ;3
600527000;3;Energest  ] Radio Rx;57675208;  60000000 ;961
600527000;3;Energest  ] Radio total;57900000;  60000000 ;965
600576000;6;Energest  ] CPU;861560;  60000000 ;14
600576000;6;Energest  ] LPM;59138440;  60000000 ;985
600576000;6;Energest  ] Deep LPM;0;  60000000 ;0
600576000;6;Energest  ] Radio Tx;81408;  60000000 ;1
600576000;6;Energest  ] Radio Rx;57841344;  60000000 ;964
600576000;6;Energest  ] Radio total;57922752;  60000000 ;965
600739000;2;Energest  ] CPU;301008;  60000000 ;5
600739000;2;Energest  ] LPM;59698992;  60000000 ;994
600739000;2;Energest  ] Deep LPM;0;  60000000 ;0
600739000;2;Energest  ] Radio Tx;151520;  60000000 ;2
600739000;2;Energest  ] Radio Rx;50614984;  60000000 ;843
600739000;2;Energest  ] Radio total;50766504;  60000000 ;846
600858000;4;Energest  ] CPU;867096;  60000000 ;14
600858000;4;Energest  ] LPM;59132904;  60000000 ;985
600858000;4;Energest  ] Deep LPM;0;  60000000 ;0
600858000;4;Energest  ] Radio Tx;305448;  60000000 ;5
600858000;4;Energest  ] Radio Rx;57594552;  60000000 ;959
600858000;4;Energest  ] Radio total;57900000;  60000000 ;965
660262000;1;Energest  ] CPU;1134392;  60000000 ;18
660262000;1;Energest  ] LPM;58865608;  60000000 ;981
660262000;1;Energest  ] Deep LPM;0;  60000000 ;0
660262000;1;Energest  ] Radio Tx;538768;  60000000 ;8
660262000;1;Energest  ] Radio Rx;56311232;  60000000 ;938
660262000;1;Energest  ] Radio total;56850000;  60000000 ;947
660383000;5;Energest  ] CPU;2125224;  60000000 ;35
660383000;5;Energest  ] LPM;57874776;  60000000 ;964
660383000;5;Energest  ] Deep LPM;0;  60000000 ;0
660383000;5;Energest  ] Radio Tx;1098192;  60000000 ;18
660383000;5;Energest  ] Radio Rx;55785536;  60000000 ;929
660383000;5;Energest  ] Radio total;56883728;  60000000 ;948
660390000;7;Energest  ] CPU;2038016;  60000000 ;33
660390000;7;Energest  ] LPM;57961984;  60000000 ;966
660390000;7;Energest  ] Deep LPM;0;  60000000 ;0
660390000;7;Energest  ] Radio Tx;997608;  60000000 ;16
660390000;7;Energest  ] Radio Rx;55852392;  60000000 ;930
660390000;7;Energest  ] Radio total;56850000;  60000000 ;947
660527000;3;Energest  ] CPU;834640;  60000000 ;13
660527000;3;Energest  ] LPM;59165360;  60000000 ;986
660527000;3;Energest  ] Deep LPM;0;  60000000 ;0
660527000;3;Energest  ] Radio Tx;241824;  60000000 ;4
660527000;3;Energest  ] Radio Rx;55569552;  60000000 ;926
660527000;3;Energest  ] Radio total;55811376;  60000000 ;930
660576000;6;Energest  ] CPU;841808;  60000000 ;14
660576000;6;Energest  ] LPM;59158192;  60000000 ;985
660576000;6;Energest  ] Deep LPM;0;  60000000 ;0
660576000;6;Energest  ] Radio Tx;58656;  60000000 ;0
660576000;6;Energest  ] Radio Rx;56791344;  60000000 ;946
660576000;6;Energest  ] Radio total;56850000;  60000000 ;947
660739000;2;Energest  ] CPU;269800;  60000000 ;4
660739000;2;Energest  ] LPM;59730200;  60000000 ;995
660739000;2;Energest  ] Deep LPM;0;  60000000 ;0
660739000;2;Energest  ] Radio Tx;129632;  60000000 ;2
660739000;2;Energest  ] Radio Rx;48085664;  60000000 ;801
660739000;2;Energest  ] Radio total;48215296;  60000000 ;803
660858000;4;Energest  ] CPU;857040;  60000000 ;14
660858000;4;Energest  ] LPM;59142960;  60000000 ;985
660858000;4;Energest  ] Deep LPM;0;  60000000 ;0
660858000;4;Energest  ] Radio Tx;304088;  60000000 ;5
660858000;4;Energest  ] Radio Rx;55495912;  60000000 ;924
660858000;4;Energest  ] Radio total;55800000;  60000000 ;930
720262000;1;Energest  ] CPU;1160832;  60000000 ;19
720262000;1;Energest  ] LPM;58839168;  60000000 ;980
720262000;1;Energest  ] Deep LPM;0;  60000000 ;0
720262000;1;Energest  ] Radio Tx;557664;  60000000 ;9
720262000;1;Energest  ] Radio Rx;57492336;  60000000 ;958
720262000;1;Energest  ] Radio total;58050000;  60000000 ;967
720383000;5;Energest  ] CPU;2040112;  60000000 ;34
720383000;5;Energest  ] LPM;57959888;  60000000 ;965
720383000;5;Energest  ] Deep LPM;0;  60000000 ;0
720383000;5;Energest  ] Radio Tx;1052056;  60000000 ;17
720383000;5;Energest  ] Radio Rx;57162224;  60000000 ;952
720383000;5;Energest  ] Radio total;58214280;  60000000 ;970
720390000;7;Energest  ] CPU;1957184;  60000000 ;32
720390000;7;Energest  ] LPM;58042816;  60000000 ;967
720390000;7;Energest  ] Deep LPM;0;  60000000 ;0
720390000;7;Energest  ] Radio Tx;956528;  60000000 ;15
720390000;7;Energest  ] Radio Rx;57240264;  60000000 ;954
720390000;7;Energest  ] Radio total;58196792;  60000000 ;969
720527000;3;Energest  ] CPU;791408;  60000000 ;13
720527000;3;Energest  ] LPM;59208592;  60000000 ;986
720527000;3;Energest  ] Deep LPM;0;  60000000 ;0
720527000;3;Energest  ] Radio Tx;220744;  60000000 ;3
720527000;3;Energest  ] Radio Rx;57394744;  60000000 ;956
720527000;3;Energest  ] Radio total;57615488;  60000000 ;960
720576000;6;Energest  ] CPU;836976;  60000000 ;13
720576000;6;Energest  ] LPM;59163024;  60000000 ;986
720576000;6;Energest  ] Deep LPM;0;  60000000 ;0
720576000;6;Energest  ] Radio Tx;74824;  60000000 ;1
720576000;6;Energest  ] Radio Rx;57988552;  60000000 ;966
720576000;6;Energest  ] Radio total;58063376;  60000000 ;967
720739000;2;Energest  ] CPU;298264;  60000000 ;4
720739000;2;Energest  ] LPM;59701736;  60000000 ;995
720739000;2;Energest  ] Deep LPM;0;  60000000 ;0
720739000;2;Energest  ] Radio Tx;151000;  60000000 ;2
720739000;2;Energest  ] Radio Rx;46274712;  60000000 ;771
720739000;2;Energest  ] Radio total;46425712;  60000000 ;773
720858000;4;Energest  ] CPU;859888;  60000000 ;14
720858000;4;Energest  ] LPM;59140112;  60000000 ;985
720858000;4;Energest  ] Deep LPM;0;  60000000 ;0
720858000;4;Energest  ] Radio Tx;305296;  60000000 ;5
720858000;4;Energest  ] Radio Rx;57294704;  60000000 ;954
720858000;4;Energest  ] Radio total;57600000;  60000000 ;960
780262000;1;Energest  ] CPU;1037256;  60000000 ;17
780262000;1;Energest  ] LPM;58962744;  60000000 ;982
780262000;1;Energest  ] Deep LPM;0;  60000000 ;0
780262000;1;Energest  ] Radio Tx;493920;  60000000 ;8
780262000;1;Energest  ] Radio Rx;57406080;  60000000 ;956
780262000;1;Energest  ] Radio total;57900000;  60000000 ;965
780383000;5;Energest  ] CPU;1846872;  60000000 ;30
780383000;5;Energest  ] LPM;58153128;  60000000 ;969
780383000;5;Energest  ] Deep LPM;0;  60000000 ;0
780383000;5;Energest  ] Radio Tx;962096;  60000000 ;16
780383000;5;Energest  ] Radio Rx;56806864;  60000000 ;946
780383000;5;Energest  ] Radio total;57768960;  60000000 ;962
780390000;7;Energest  ] CPU;1700952;  60000000 ;28
780390000;7;Energest  ] LPM;58299048;  60000000 ;971
780390000;7;Energest  ] Deep LPM;0;  60000000 ;0
780390000;7;Energest  ] Radio Tx;819752;  60000000 ;13
780390000;7;Energest  ] Radio Rx;57237248;  60000000 ;953
780390000;7;Energest  ] Radio total;58057000;  60000000 ;967
780527000;3;Energest  ] CPU;634320;  60000000 ;10
780527000;3;Energest  ] LPM;59365680;  60000000 ;989
780527000;3;Energest  ] Deep LPM;0;  60000000 ;0
780527000;3;Energest  ] Radio Tx;146856;  60000000 ;2
780527000;3;Energest  ] Radio Rx;57598144;  60000000 ;959
780527000;3;Energest  ] Radio total;57745000;  60000000 ;962
780576000;6;Energest  ] CPU;751680;  60000000 ;12
780576000;6;Energest  ] LPM;59248320;  60000000 ;987
780576000;6;Energest  ] Deep LPM;0;  60000000 ;0
780576000;6;Energest  ] Radio Tx;68432;  60000000 ;1
780576000;6;Energest  ] Radio Rx;57831568;  60000000 ;963
780576000;6;Energest  ] Radio total;57900000;  60000000 ;965
780739000;2;Energest  ] CPU;157864;  60000000 ;2
780739000;2;Energest  ] LPM;59842136;  60000000 ;997
780739000;2;Energest  ] Deep LPM;0;  60000000 ;0
780739000;2;Energest  ] Radio Tx;79144;  60000000 ;1
780739000;2;Energest  ] Radio Rx;43771664;  60000000 ;729
780739000;2;Energest  ] Radio total;43850808;  60000000 ;730
780858000;4;Energest  ] CPU;713320;  60000000 ;11
780858000;4;Energest  ] LPM;59286680;  60000000 ;988
780858000;4;Energest  ] Deep LPM;0;  60000000 ;0
780858000;4;Energest  ] Radio Tx;266136;  60000000 ;4
780858000;4;Energest  ] Radio Rx;57183864;  60000000 ;953
780858000;4;Energest  ] Radio total;57450000;  60000000 ;957
840262000;1;Energest  ] CPU;823768;  60000000 ;13
840262000;1;Energest  ] LPM;59176232;  60000000 ;986
840262000;1;Energest  ] Deep LPM;0;  60000000 ;0
840262000;1;Energest  ] Radio Tx;388608;  60000000 ;6
840262000;1;Energest  ] Radio Rx;56161392;  60000000 ;936
840262000;1;Energest  ] Radio total;56550000;  60000000 ;942
840383000;5;Energest  ] CPU;1477416;  60000000 ;24
840383000;5;Energest  ] LPM;58522584;  60000000 ;975
840383000;5;Energest  ] Deep LPM;0;  60000000 ;0
840383000;5;Energest  ] Radio Tx;774712;  60000000 ;12
840383000;5;Energest  ] Radio Rx;55502832;  60000000 ;925
840383000;5;Energest  ] Radio total;56277544;  60000000 ;937
840391432;7;Energest  ] CPU;1326632;  60001432 ;22
840391432;7;Energest  ] LPM;58674800;  60001432 ;977
840391432;7;Energest  ] Deep LPM;0;  60001432 ;0
840391432;7;Energest  ] Radio Tx;643664;  60001432 ;10
840391432;7;Energest  ] Radio Rx;55924936;  60001432 ;932
840391432;7;Energest  ] Radio total;56568600;  60001432 ;942
840527000;3;Energest  ] CPU;453768;  60000000 ;7
840527000;3;Energest  ] LPM;59546232;  60000000 ;992
840527000;3;Energest  ] Deep LPM;0;  60000000 ;0
840527000;3;Energest  ] Radio Tx;77616;  60000000 ;1
840527000;3;Energest  ] Radio Rx;56479968;  60000000 ;941
840527000;3;Energest  ] Radio total;56557584;  60000000 ;942
840576000;6;Energest  ] CPU;693496;  60000000 ;11
840576000;6;Energest  ] LPM;59306504;  60000000 ;988
840576000;6;Energest  ] Deep LPM;0;  60000000 ;0
840576000;6;Energest  ] Radio Tx;114440;  60000000 ;1
840576000;6;Energest  ] Radio Rx;56189648;  60000000 ;936
840576000;6;Energest  ] Radio total;56304088;  60000000 ;938
840739000;2;Energest  ] CPU;31600;  60000000 ;0
840739000;2;Energest  ] LPM;59968400;  60000000 ;999
840739000;2;Energest  ] Deep LPM;0;  60000000 ;0
840739000;2;Energest  ] Radio Tx;5600;  60000000 ;0
840739000;2;Energest  ] Radio Rx;41844400;  60000000 ;697
840739000;2;Energest  ] Radio total;41850000;  60000000 ;697
840858000;4;Energest  ] CPU;621544;  60000000 ;10
840858000;4;Energest  ] LPM;59378456;  60000000 ;989
840858000;4;Energest  ] Deep LPM;0;  60000000 ;0
840858000;4;Energest  ] Radio Tx;245552;  60000000 ;4
840858000;4;Energest  ] Radio Rx;56004448;  60000000 ;933
840858000;4;Energest  ] Radio total;56250000;  60000000 ;937
900262000;1;Energest  ] CPU;817416;  60000000 ;13
900262000;1;Energest  ] LPM;59182584;  60000000 ;986
900262000;1;Energest  ] Deep LPM;0;  60000000 ;0
900262000;1;Energest  ] Radio Tx;382600;  60000000 ;6
900262000;1;Energest  ] Radio Rx;55867400;  60000000 ;931
900262000;1;Energest  ] Radio total;56250000;  60000000 ;937
900383000;5;Energest  ] CPU;1441368;  60000000 ;24
900383000;5;Energest  ] LPM;58558632;  60000000 ;975
900383000;5;Energest  ] Deep LPM;0;  60000000 ;0
900383000;5;Energest  ] Radio Tx;743056;  60000000 ;12
900383000;5;Energest  ] Radio Rx;56406944;  60000000 ;940
900383000;5;Energest  ] Radio total;57150000;  60000000 ;952
900390000;7;Energest  ] CPU;1332672;  59998568 ;22
900390000;7;Energest  ] LPM;58665896;  59998568 ;977
900390000;7;Energest  ] Deep LPM;0;  59998568 ;0
900390000;7;Energest  ] Radio Tx;644248;  59998568 ;10
900390000;7;Energest  ] Radio Rx;57104320;  59998568 ;951
900390000;7;Energest  ] Radio total;57748568;  59998568 ;962
900527000;3;Energest  ] CPU;501400;  60000000 ;8
900527000;3;Energest  ] LPM;59498600;  60000000 ;991
900527000;3;Energest  ] Deep LPM;0;  60000000 ;0
900527000;3;Energest  ] Radio Tx;113152;  60000000 ;1
900527000;3;Energest  ] Radio Rx;57536144;  60000000 ;958
900527000;3;Energest  ] Radio total;57649296;  60000000 ;960
900576000;6;Energest  ] CPU;609800;  60000000 ;10
900576000;6;Energest  ] LPM;59390200;  60000000 ;989
900576000;6;Energest  ] Deep LPM;0;  60000000 ;0
900576000;6;Energest  ] Radio Tx;67648;  60000000 ;1
900576000;6;Energest  ] Radio Rx;56983936;  60000000 ;949
900576000;6;Energest  ] Radio total;57051584;  60000000 ;950
900739000;2;Energest  ] CPU;37600;  60000000 ;0
900739000;2;Energest  ] LPM;59962400;  60000000 ;999
900739000;2;Energest  ] Deep LPM;0;  60000000 ;0
900739000;2;Energest  ] Radio Tx;5600;  60000000 ;0
900739000;2;Energest  ] Radio Rx;43647200;  60000000 ;727
900739000;2;Energest  ] Radio total;43652800;  60000000 ;727
900864320;4;Energest  ] CPU;575544;  60006320 ;9
900864320;4;Energest  ] LPM;59430776;  60006320 ;990
900864320;4;Energest  ] Deep LPM;0;  60006320 ;0
900864320;4;Energest  ] Radio Tx;223128;  60006320 ;3
900864320;4;Energest  ] Radio Rx;57233192;  60006320 ;953
900864320;4;Energest  ] Radio total;57456320;  60006320 ;957
960262000;1;Energest  ] CPU;871800;  60000000 ;14
960262000;1;Energest  ] LPM;59128200;  60000000 ;985
960262000;1;Energest  ] Deep LPM;0;  60000000 ;0
960262000;1;Energest  ] Radio Tx;409504;  60000000 ;6
960262000;1;Energest  ] Radio Rx;57340496;  60000000 ;955
960262000;1;Energest  ] Radio total;57750000;  60000000 ;962
960383000;5;Energest  ] CPU;1555528;  60000000 ;25
960383000;5;Energest  ] LPM;58444472;  60000000 ;974
960383000;5;Energest  ] Deep LPM;0;  60000000 ;0
960383000;5;Energest  ] Radio Tx;806048;  60000000 ;13
960383000;5;Energest  ] Radio Rx;56343952;  60000000 ;939
960383000;5;Energest  ] Radio total;57150000;  60000000 ;952
960390000;7;Energest  ] CPU;1389672;  60000000 ;23
960390000;7;Energest  ] LPM;58610328;  60000000 ;976
960390000;7;Energest  ] Deep LPM;0;  60000000 ;0
960390000;7;Energest  ] Radio Tx;663784;  60000000 ;11
960390000;7;Energest  ] Radio Rx;57236216;  60000000 ;953
960390000;7;Energest  ] Radio total;57900000;  60000000 ;965
960527000;3;Energest  ] CPU;493432;  60000000 ;8
960527000;3;Energest  ] LPM;59506568;  60000000 ;991
960527000;3;Energest  ] Deep LPM;0;  60000000 ;0
960527000;3;Energest  ] Radio Tx;91184;  60000000 ;1
960527000;3;Energest  ] Radio Rx;57831568;  60000000 ;963
960527000;3;Energest  ] Radio total;57922752;  60000000 ;965
960576000;6;Energest  ] CPU;708168;  60000000 ;11
960576000;6;Energest  ] LPM;59291832;  60000000 ;988
960576000;6;Energest  ] Deep LPM;0;  60000000 ;0
960576000;6;Energest  ] Radio Tx;97824;  60000000 ;1
960576000;6;Energest  ] Radio Rx;57311968;  60000000 ;955
960576000;6;Energest  ] Radio total;57409792;  60000000 ;956
960739000;2;Energest  ] CPU;30600;  60000000 ;0
960739000;2;Energest  ] LPM;59969400;  60000000 ;999
960739000;2;Energest  ] Deep LPM;0;  60000000 ;0
960739000;2;Energest  ] Radio Tx;5600;  60000000 ;0
960739000;2;Energest  ] Radio Rx;42450000;  60000000 ;707
960739000;2;Energest  ] Radio total;42455600;  60000000 ;707
960858000;4;Energest  ] CPU;621776;  59993680 ;10
960858000;4;Energest  ] LPM;59371904;  59993680 ;989
960858000;4;Energest  ] Deep LPM;0;  59993680 ;0
960858000;4;Energest  ] Radio Tx;240976;  59993680 ;4
960858000;4;Energest  ] Radio Rx;56752704;  59993680 ;945
960858000;4;Energest  ] Radio total;56993680;  59993680 ;949
1020262000;1;Energest  ] CPU;864432;  60000000 ;14
1020262000;1;Energest  ] LPM;59135568;  60000000 ;985
1020262000;1;Energest  ] Deep LPM;0;  60000000 ;0
1020262000;1;Energest  ] Radio Tx;406520;  60000000 ;6
1020262000;1;Energest  ] Radio Rx;57193480;  60000000 ;953
1020262000;1;Energest  ] Radio total;57600000;  60000000 ;960
1020383000;5;Energest  ] CPU;1536984;  60000000 ;25
1020383000;5;Energest  ] LPM;58463016;  60000000 ;974
1020383000;5;Energest  ] Deep LPM;0;  60000000 ;0
1020383000;5;Energest  ] Radio Tx;801504;  60000000 ;13
1020383000;5;Energest  ] Radio Rx;56817456;  60000000 ;946
1020383000;5;Energest  ] Radio total;57618960;  60000000 ;960
1020390000;7;Energest  ] CPU;1380232;  60000000 ;23
1020390000;7;Energest  ] LPM;58619768;  60000000 ;976
1020390000;7;Energest  ] Deep LPM;0;  60000000 ;0
1020390000;7;Energest  ] Radio Tx;656520;  60000000 ;10
1020390000;7;Energest  ] Radio Rx;57093480;  60000000 ;951
1020390000;7;Energest  ] Radio total;57750000;  60000000 ;962
1020527000;3;Energest  ] CPU;469368;  60000000 ;7
1020527000;3;Energest  ] LPM;59530632;  60000000 ;992
1020527000;3;Energest  ] Deep LPM;0;  60000000 ;0
1020527000;3;Energest  ] Radio Tx;80120;  60000000 ;1
1020527000;3;Energest  ] Radio Rx;57835048;  60000000 ;963
1020527000;3;Energest  ] Radio total;57915168;  60000000 ;965
1020576000;6;Energest  ] CPU;652168;  60000000 ;10
1020576000;6;Energest  ] LPM;59347832;  60000000 ;989
1020576000;6;Energest  ] Deep LPM;0;  60000000 ;0
1020576000;6;Energest  ] Radio Tx;75920;  60000000 ;1
1020576000;6;Energest  ] Radio Rx;57533360;  60000000 ;958
1020576000;6;Energest  ] Radio total;57609280;  60000000 ;960
1020739000;2;Energest  ] CPU;26800;  60000000 ;0
1020739000;2;Energest  ] LPM;59973200;  60000000 ;999
1020739000;2;Energest  ] Deep LPM;0;  60000000 ;0
1020739000;2;Energest  ] Radio Tx;2800;  60000000 ;0
1020739000;2;Energest  ] Radio Rx;42547200;  60000000 ;709
1020739000;2;Energest  ] Radio total;42550000;  60000000 ;709
1020858000;4;Energest  ] CPU;611592;  60000000 ;10
1020858000;4;Energest  ] LPM;59388408;  60000000 ;989
1020858000;4;Energest  ] Deep LPM;0;  60000000 ;0
1020858000;4;Energest  ] Radio Tx;242888;  60000000 ;4
1020858000;4;Energest  ] Radio Rx;57057112;  60000000 ;950
1020858000;4;Energest  ] Radio total;57300000;  60000000 ;955
1080262000;1;Energest  ] CPU;852864;  60000000 ;14
1080262000;1;Energest  ] LPM;59147136;  60000000 ;985
1080262000;1;Energest  ] Deep LPM;0;  60000000 ;0
1080262000;1;Energest  ] Radio Tx;402760;  60000000 ;6
1080262000;1;Energest  ] Radio Rx;57197240;  60000000 ;953
1080262000;1;Energest  ] Radio total;57600000;  60000000 ;960
1080383000;5;Energest  ] CPU;1547832;  60000000 ;25
1080383000;5;Energest  ] LPM;58452168;  60000000 ;974
1080383000;5;Energest  ] Deep LPM;0;  60000000 ;0
1080383000;5;Energest  ] Radio Tx;804624;  60000000 ;13
1080383000;5;Energest  ] Radio Rx;56952752;  60000000 ;949
1080383000;5;Energest  ] Radio total;57757376;  60000000 ;962
1080390000;7;Energest  ] CPU;1397632;  60000000 ;23
1080390000;7;Energest  ] LPM;58602368;  60000000 ;976
1080390000;7;Energest  ] Deep LPM;0;  60000000 ;0
1080390000;7;Energest  ] Radio Tx;672488;  60000000 ;11
1080390000;7;Energest  ] Radio Rx;57542680;  60000000 ;959
1080390000;7;Energest  ] Radio total;58215168;  60000000 ;970
1080527000;3;Energest  ] CPU;498024;  60000000 ;8
1080527000;3;Energest  ] LPM;59501976;  60000000 ;991
1080527000;3;Energest  ] Deep LPM;0;  60000000 ;0
1080527000;3;Energest  ] Radio Tx;97984;  60000000 ;1
1080527000;3;Energest  ] Radio Rx;58124768;  60000000 ;968
1080527000;3;Energest  ] Radio total;58222752;  60000000 ;970
1080576000;6;Energest  ] CPU;638888;  60000000 ;10
1080576000;6;Energest  ] LPM;59361112;  60000000 ;989
1080576000;6;Energest  ] Deep LPM;0;  60000000 ;0
1080576000;6;Energest  ] Radio Tx;64640;  60000000 ;1
1080576000;6;Energest  ] Radio Rx;57685360;  60000000 ;961
1080576000;6;Energest  ] Radio total;57750000;  60000000 ;962
1080739000;2;Energest  ] CPU;25600;  60000000 ;0
1080739000;2;Energest  ] LPM;59974400;  60000000 ;999
1080739000;2;Energest  ] Deep LPM;0;  60000000 ;0
1080739000;2;Energest  ] Radio Tx;5600;  60000000 ;0
1080739000;2;Energest  ] Radio Rx;38900000;  60000000 ;648
1080739000;2;Energest  ] Radio total;38905600;  60000000 ;648
1080858000;4;Energest  ] CPU;616672;  60000000 ;10
1080858000;4;Energest  ] LPM;59383328;  60000000 ;989
1080858000;4;Energest  ] Deep LPM;0;  60000000 ;0
1080858000;4;Energest  ] Radio Tx;236968;  60000000 ;3
1080858000;4;Energest  ] Radio Rx;57513032;  60000000 ;958
1080858000;4;Energest  ] Radio total;57750000;  60000000 ;962
1140262000;1;Energest  ] CPU;808544;  60000000 ;13
1140262000;1;Energest  ] LPM;59191456;  60000000 ;986
1140262000;1;Energest  ] Deep LPM;0;  60000000 ;0
1140262000;1;Energest  ] Radio Tx;379128;  60000000 ;6
1140262000;1;Energest  ] Radio Rx;57820872;  60000000 ;963
1140262000;1;Energest  ] Radio total;58200000;  60000000 ;970
1140383000;5;Energest  ] CPU;1527728;  60000000 ;25
1140383000;5;Energest  ] LPM;58472272;  60000000 ;974
1140383000;5;Energest  ] Deep LPM;0;  60000000 ;0
1140383000;5;Energest  ] Radio Tx;789784;  60000000 ;13
1140383000;5;Energest  ] Radio Rx;57710216;  60000000 ;961
1140383000;5;Energest  ] Radio total;58500000;  60000000 ;975
1140390000;7;Energest  ] CPU;1392128;  60000000 ;23
1140390000;7;Energest  ] LPM;58607872;  60000000 ;976
1140390000;7;Energest  ] Deep LPM;0;  60000000 ;0
1140390000;7;Energest  ] Radio Tx;671992;  60000000 ;11
1140390000;7;Energest  ] Radio Rx;57862136;  60000000 ;964
1140390000;7;Energest  ] Radio total;58534128;  60000000 ;975
1140527000;3;Energest  ] CPU;450328;  60000000 ;7
1140527000;3;Energest  ] LPM;59549672;  60000000 ;992
1140527000;3;Energest  ] Deep LPM;0;  60000000 ;0
1140527000;3;Energest  ] Radio Tx;77792;  60000000 ;1
1140527000;3;Energest  ] Radio Rx;58140248;  60000000 ;969
1140527000;3;Energest  ] Radio total;58218040;  60000000 ;970
1140576000;6;Energest  ] CPU;644752;  60000000 ;10
1140576000;6;Energest  ] LPM;59355248;  60000000 ;989
1140576000;6;Energest  ] Deep LPM;0;  60000000 ;0
1140576000;6;Energest  ] Radio Tx;80504;  60000000 ;1
1140576000;6;Energest  ] Radio Rx;58287360;  60000000 ;971
1140576000;6;Energest  ] Radio total;58367864;  60000000 ;972
1140739000;2;Energest  ] CPU;32600;  60000000 ;0
1140739000;2;Energest  ] LPM;59967400;  60000000 ;999
1140739000;2;Energest  ] Deep LPM;0;  60000000 ;0
1140739000;2;Energest  ] Radio Tx;5600;  60000000 ;0
1140739000;2;Energest  ] Radio Rx;42697200;  60000000 ;711
1140739000;2;Energest  ] Radio total;42702800;  60000000 ;711
1140858000;4;Energest  ] CPU;613240;  60000000 ;10
1140858000;4;Energest  ] LPM;59386760;  60000000 ;989
1140858000;4;Energest  ] Deep LPM;0;  60000000 ;0
1140858000;4;Energest  ] Radio Tx;246720;  60000000 ;4
1140858000;4;Energest  ] Radio Rx;57803280;  60000000 ;963
1140858000;4;Energest  ] Radio total;58050000;  60000000 ;967
1200262000;1;Energest  ] CPU;885760;  60000000 ;14
1200262000;1;Energest  ] LPM;59114240;  60000000 ;985
1200262000;1;Energest  ] Deep LPM;0;  60000000 ;0
1200262000;1;Energest  ] Radio Tx;420464;  60000000 ;7
1200262000;1;Energest  ] Radio Rx;55079536;  60000000 ;917
1200262000;1;Energest  ] Radio total;55500000;  60000000 ;925
1200383000;5;Energest  ] CPU;1655576;  60000000 ;27
1200383000;5;Energest  ] LPM;58344424;  60000000 ;972
1200383000;5;Energest  ] Deep LPM;0;  60000000 ;0
1200383000;5;Energest  ] Radio Tx;867616;  60000000 ;14
1200383000;5;Energest  ] Radio Rx;54347552;  60000000 ;905
1200383000;5;Energest  ] Radio total;55215168;  60000000 ;920
1200390000;7;Energest  ] CPU;1475656;  60000000 ;24
1200390000;7;Energest  ] LPM;58524344;  60000000 ;975
1200390000;7;Energest  ] Deep LPM;0;  60000000 ;0
1200390000;7;Energest  ] Radio Tx;708024;  60000000 ;11
1200390000;7;Energest  ] Radio Rx;55260936;  60000000 ;921
1200390000;7;Energest  ] Radio total;55968960;  60000000 ;932
1200527000;3;Energest  ] CPU;460680;  60000000 ;7
1200527000;3;Energest  ] LPM;59539320;  60000000 ;992
1200527000;3;Energest  ] Deep LPM;0;  60000000 ;0
1200527000;3;Energest  ] Radio Tx;68432;  60000000 ;1
1200527000;3;Energest  ] Radio Rx;55285360;  60000000 ;921
1200527000;3;Energest  ] Radio total;55353792;  60000000 ;922
1200576000;6;Energest  ] CPU;682768;  60000000 ;11
1200576000;6;Energest  ] LPM;59317232;  60000000 ;988
1200576000;6;Energest  ] Deep LPM;0;  60000000 ;0
1200576000;6;Energest  ] Radio Tx;77616;  60000000 ;1
1200576000;6;Energest  ] Radio Rx;55140552;  60000000 ;919
1200576000;6;Energest  ] Radio total;55218168;  60000000 ;920
1200739000;2;Energest  ] CPU;21800;  60000000 ;0
1200739000;2;Energest  ] LPM;59978200;  60000000 ;999
1200739000;2;Energest  ] Deep LPM;0;  60000000 ;0
1200739000;2;Energest  ] Radio Tx;2800;  60000000 ;0
1200739000;2;Energest  ] Radio Rx;39647200;  60000000 ;660
1200739000;2;Energest  ] Radio total;39650000;  60000000 ;660
1200858000;4;Energest  ] CPU;616320;  60000000 ;10
1200858000;4;Energest  ] LPM;59383680;  60000000 ;989
1200858000;4;Energest  ] Deep LPM;0;  60000000 ;0
1200858000;4;Energest  ] Radio Tx;236600;  60000000 ;3
1200858000;4;Energest  ] Radio Rx;54813400;  60000000 ;913
1200858000;4;Energest  ] Radio total;55050000;  60000000 ;917
1260262000;1;Energest  ] CPU;847800;  60000000 ;14
1260262000;1;Energest  ] LPM;59152200;  60000000 ;985
1260262000;1;Energest  ] Deep LPM;0;  60000000 ;0
1260262000;1;Energest  ] Radio Tx;399528;  60000000 ;6
1260262000;1;Energest  ] Radio Rx;57585472;  60000000 ;959
1260262000;1;Energest  ] Radio total;57985000;  60000000 ;966
1260383000;5;Energest  ] CPU;1450536;  60000000 ;24
1260383000;5;Energest  ] LPM;58549464;  60000000 ;975
1260383000;5;Energest  ] Deep LPM;0;  60000000 ;0
1260383000;5;Energest  ] Radio Tx;747904;  60000000 ;12
1260383000;5;Energest  ] Radio Rx;56426096;  60000000 ;940
1260383000;5;Energest  ] Radio total;57174000;  60000000 ;952
1260390000;7;Energest  ] CPU;1372536;  60000000 ;22
1260390000;7;Energest  ] LPM;58627464;  60000000 ;977
1260390000;7;Energest  ] Deep LPM;0;  60000000 ;0
1260390000;7;Energest  ] Radio Tx;661208;  60000000 ;11
1260390000;7;Energest  ] Radio Rx;57255792;  60000000 ;954
1260390000;7;Energest  ] Radio total;57917000;  60000000 ;965
1260527000;3;Energest  ] CPU;509080;  60000000 ;8
1260527000;3;Energest  ] LPM;59490920;  60000000 ;991
1260527000;3;Energest  ] Deep LPM;0;  60000000 ;0
1260527000;3;Energest  ] Radio Tx;106856;  60000000 ;1
1260527000;3;Energest  ] Radio Rx;57686856;  60000000 ;961
1260527000;3;Energest  ] Radio total;57793712;  60000000 ;963
1260576000;6;Energest  ] CPU;636520;  60000000 ;10
1260576000;6;Energest  ] LPM;59363480;  60000000 ;989
1260576000;6;Energest  ] Deep LPM;0;  60000000 ;0
1260576000;6;Energest  ] Radio Tx;73824;  60000000 ;1
1260576000;6;Energest  ] Radio Rx;57067760;  60000000 ;951
1260576000;6;Energest  ] Radio total;57141584;  60000000 ;952
1260739000;2;Energest  ] CPU;40600;  60000000 ;0
1260739000;2;Energest  ] LPM;59959400;  60000000 ;999
1260739000;2;Energest  ] Deep LPM;0;  60000000 ;0
1260739000;2;Energest  ] Radio Tx;5600;  60000000 ;0
1260739000;2;Energest  ] Radio Rx;45805400;  60000000 ;763
1260739000;2;Energest  ] Radio total;45811000;  60000000 ;763
1260858000;4;Energest  ] CPU;601808;  60000000 ;10
1260858000;4;Energest  ] LPM;59398192;  60000000 ;989
1260858000;4;Energest  ] Deep LPM;0;  60000000 ;0
1260858000;4;Energest  ] Radio Tx;235088;  60000000 ;3
1260858000;4;Energest  ] Radio Rx;56613912;  60000000 ;943
1260858000;4;Energest  ] Radio total;56849000;  60000000 ;947
1320262000;1;Energest  ] CPU;860224;  60000000 ;14
1320262000;1;Energest  ] LPM;59139776;  60000000 ;985
1320262000;1;Energest  ] Deep LPM;0;  60000000 ;0
1320262000;1;Energest  ] Radio Tx;405984;  60000000 ;6
1320262000;1;Energest  ] Radio Rx;57259016;  60000000 ;954
1320262000;1;Energest  ] Radio total;57665000;  60000000 ;961
1320383000;5;Energest  ] CPU;1512832;  60000000 ;25
1320383000;5;Energest  ] LPM;58487168;  60000000 ;974
1320383000;5;Energest  ] Deep LPM;0;  60000000 ;0
1320383000;5;Energest  ] Radio Tx;780120;  60000000 ;13
1320383000;5;Energest  ] Radio Rx;56795880;  60000000 ;946
1320383000;5;Energest  ] Radio total;57576000;  60000000 ;959
1320390000;7;Energest  ] CPU;1445288;  60000000 ;24
1320390000;7;Energest  ] LPM;58554712;  60000000 ;975
1320390000;7;Energest  ] Deep LPM;0;  60000000 ;0
1320390000;7;Energest  ] Radio Tx;699784;  60000000 ;11
1320390000;7;Energest  ] Radio Rx;57220552;  60000000 ;953
1320390000;7;Energest  ] Radio total;57920336;  60000000 ;965
1320527000;3;Energest  ] CPU;448392;  60000000 ;7
1320527000;3;Energest  ] LPM;59551608;  60000000 ;992
1320527000;3;Energest  ] Deep LPM;0;  60000000 ;0
1320527000;3;Energest  ] Radio Tx;66240;  60000000 ;1
1320527000;3;Energest  ] Radio Rx;56783760;  60000000 ;946
1320527000;3;Energest  ] Radio total;56850000;  60000000 ;947
1320576000;6;Energest  ] CPU;673544;  60000000 ;11
1320576000;6;Energest  ] LPM;59326456;  60000000 ;988
1320576000;6;Energest  ] Deep LPM;0;  60000000 ;0
1320576000;6;Energest  ] Radio Tx;86296;  60000000 ;1
1320576000;6;Energest  ] Radio Rx;57552664;  60000000 ;959
1320576000;6;Energest  ] Radio total;57638960;  60000000 ;960
1320739000;2;Energest  ] CPU;30600;  60000000 ;0
1320739000;2;Energest  ] LPM;59969400;  60000000 ;999
1320739000;2;Energest  ] Deep LPM;0;  60000000 ;0
1320739000;2;Energest  ] Radio Tx;5600;  60000000 ;0
1320739000;2;Energest  ] Radio Rx;43136200;  60000000 ;718
1320739000;2;Energest  ] Radio total;43141800;  60000000 ;719
1320858000;4;Energest  ] CPU;628592;  60000000 ;10
1320858000;4;Energest  ] LPM;59371408;  60000000 ;989
1320858000;4;Energest  ] Deep LPM;0;  60000000 ;0
1320858000;4;Energest  ] Radio Tx;244792;  60000000 ;4
1320858000;4;Energest  ] Radio Rx;57356208;  60000000 ;955
1320858000;4;Energest  ] Radio total;57601000;  60000000 ;960
1380262000;1;Energest  ] CPU;796808;  60000000 ;13
1380262000;1;Energest  ] LPM;59203192;  60000000 ;986
1380262000;1;Energest  ] Deep LPM;0;  60000000 ;0
1380262000;1;Energest  ] Radio Tx;374184;  60000000 ;6
1380262000;1;Energest  ] Radio Rx;56775816;  60000000 ;946
1380262000;1;Energest  ] Radio total;57150000;  60000000 ;952
1380383000;5;Energest  ] CPU;1463560;  60000000 ;24
1380383000;5;Energest  ] LPM;58536440;  60000000 ;975
1380383000;5;Energest  ] Deep LPM;0;  60000000 ;0
1380383000;5;Energest  ] Radio Tx;760216;  60000000 ;12
1380383000;5;Energest  ] Radio Rx;56243576;  60000000 ;937
1380383000;5;Energest  ] Radio total;57003792;  60000000 ;950
1380390000;7;Energest  ] CPU;1329696;  60000000 ;22
1380390000;7;Energest  ] LPM;58670304;  60000000 ;977
1380390000;7;Energest  ] Deep LPM;0;  60000000 ;0
1380390000;7;Energest  ] Radio Tx;641464;  60000000 ;10
1380390000;7;Energest  ] Radio Rx;56835080;  60000000 ;947
1380390000;7;Energest  ] Radio total;57476544;  60000000 ;957
1380527000;3;Energest  ] CPU;493312;  60000000 ;8
1380527000;3;Energest  ] LPM;59506688;  60000000 ;991
1380527000;3;Energest  ] Deep LPM;0;  60000000 ;0
1380527000;3;Energest  ] Radio Tx;104160;  60000000 ;1
1380527000;3;Energest  ] Radio Rx;57361008;  60000000 ;956
1380527000;3;Energest  ] Radio total;57465168;  60000000 ;957
1380576000;6;Energest  ] CPU;614896;  60000000 ;10
1380576000;6;Energest  ] LPM;59385104;  60000000 ;989
1380576000;6;Energest  ] Deep LPM;0;  60000000 ;0
1380576000;6;Energest  ] Radio Tx;67840;  60000000 ;1
1380576000;6;Energest  ] Radio Rx;56947328;  60000000 ;949
1380576000;6;Energest  ] Radio total;57015168;  60000000 ;950
1380739000;2;Energest  ] CPU;29696;  60000000 ;0
1380739000;2;Energest  ] LPM;59970304;  60000000 ;999
1380739000;2;Energest  ] Deep LPM;0;  60000000 ;0
1380739000;2;Energest  ] Radio Tx;6696;  60000000 ;0
1380739000;2;Energest  ] Radio Rx;39396104;  60000000 ;656
1380739000;2;Energest  ] Radio total;39402800;  60000000 ;656
1380858000;4;Energest  ] CPU;574192;  60000000 ;9
1380858000;4;Energest  ] LPM;59425808;  60000000 ;990
1380858000;4;Energest  ] Deep LPM;0;  60000000 ;0
1380858000;4;Energest  ] Radio Tx;221776;  60000000 ;3
1380858000;4;Energest  ] Radio Rx;56478224;  60000000 ;941
1380858000;4;Energest  ] Radio total;56700000;  60000000 ;945
1440262000;1;Energest  ] CPU;997096;  60000000 ;16
1440262000;1;Energest  ] LPM;59002904;  60000000 ;983
1440262000;1;Energest  ] Deep LPM;0;  60000000 ;0
1440262000;1;Energest  ] Radio Tx;471048;  60000000 ;7
1440262000;1;Energest  ] Radio Rx;55328952;  60000000 ;922
1440262000;1;Energest  ] Radio total;55800000;  60000000 ;930
1440383000;5;Energest  ] CPU;1863944;  60000000 ;31
1440383000;5;Energest  ] LPM;58136056;  60000000 ;968
1440383000;5;Energest  ] Deep LPM;0;  60000000 ;0
1440383000;5;Energest  ] Radio Tx;969208;  60000000 ;16
1440383000;5;Energest  ] Radio Rx;55130792;  60000000 ;918
1440383000;5;Energest  ] Radio total;56100000;  60000000 ;935
1440390000;7;Energest  ] CPU;1687168;  60000000 ;28
1440390000;7;Energest  ] LPM;58312832;  60000000 ;971
1440390000;7;Energest  ] Deep LPM;0;  60000000 ;0
1440390000;7;Energest  ] Radio Tx;810784;  60000000 ;13
1440390000;7;Energest  ] Radio Rx;56339216;  60000000 ;938
1440390000;7;Energest  ] Radio total;57150000;  60000000 ;952
1440527000;3;Energest  ] CPU;667320;  60000000 ;11
1440527000;3;Energest  ] LPM;59332680;  60000000 ;988
1440527000;3;Energest  ] Deep LPM;0;  60000000 ;0
1440527000;3;Energest  ] Radio Tx;166536;  60000000 ;2
1440527000;3;Energest  ] Radio Rx;56833464;  60000000 ;947
1440527000;3;Energest  ] Radio total;57000000;  60000000 ;950
1440576000;6;Energest  ] CPU;734920;  60000000 ;12
1440576000;6;Energest  ] LPM;59265080;  60000000 ;987
1440576000;6;Energest  ] Deep LPM;0;  60000000 ;0
1440576000;6;Energest  ] Radio Tx;54864;  60000000 ;0
1440576000;6;Energest  ] Radio Rx;56045136;  60000000 ;934
1440576000;6;Energest  ] Radio total;56100000;  60000000 ;935
1440739000;2;Energest  ] CPU;281864;  60000000 ;4
1440739000;2;Energest  ] LPM;59718136;  60000000 ;995
1440739000;2;Energest  ] Deep LPM;0;  60000000 ;0
1440739000;2;Energest  ] Radio Tx;145632;  60000000 ;2
1440739000;2;Energest  ] Radio Rx;53769776;  60000000 ;896
1440739000;2;Energest  ] Radio total;53915408;  60000000 ;898
1440858000;4;Energest  ] CPU;734528;  60000000 ;12
1440858000;4;Energest  ] LPM;59265472;  60000000 ;987
1440858000;4;Energest  ] Deep LPM;0;  60000000 ;0
1440858000;4;Energest  ] Radio Tx;261896;  60000000 ;4
1440858000;4;Energest  ] Radio Rx;56738104;  60000000 ;945
1440858000;4;Energest  ] Radio total;57000000;  60000000 ;950
1500262000;1;Energest  ] CPU;1182728;  60000000 ;19
1500262000;1;Energest  ] LPM;58817272;  60000000 ;980
1500262000;1;Energest  ] Deep LPM;0;  60000000 ;0
1500262000;1;Energest  ] Radio Tx;566448;  60000000 ;9
1500262000;1;Energest  ] Radio Rx;58083552;  60000000 ;968
1500262000;1;Energest  ] Radio total;58650000;  60000000 ;977
1500383000;5;Energest  ] CPU;2042024;  60000000 ;34
1500383000;5;Energest  ] LPM;57957976;  60000000 ;965
1500383000;5;Energest  ] Deep LPM;0;  60000000 ;0
1500383000;5;Energest  ] Radio Tx;1059056;  60000000 ;17
1500383000;5;Energest  ] Radio Rx;57612600;  60000000 ;960
1500383000;5;Energest  ] Radio total;58671656;  60000000 ;977
1500390000;7;Energest  ] CPU;2004480;  60000000 ;33
1500390000;7;Energest  ] LPM;57995520;  60000000 ;966
1500390000;7;Energest  ] Deep LPM;0;  60000000 ;0
1500390000;7;Energest  ] Radio Tx;973000;  60000000 ;16
1500390000;7;Energest  ] Radio Rx;57883784;  60000000 ;964
1500390000;7;Energest  ] Radio total;58856784;  60000000 ;980
1500527000;3;Energest  ] CPU;831832;  60000000 ;13
1500527000;3;Energest  ] LPM;59168168;  60000000 ;986
1500527000;3;Energest  ] Deep LPM;0;  60000000 ;0
1500527000;3;Energest  ] Radio Tx;228376;  60000000 ;3
1500527000;3;Energest  ] Radio Rx;58721624;  60000000 ;978
1500527000;3;Energest  ] Radio total;58950000;  60000000 ;982
1500576000;6;Energest  ] CPU;854536;  60000000 ;14
1500576000;6;Energest  ] LPM;59145464;  60000000 ;985
1500576000;6;Energest  ] Deep LPM;0;  60000000 ;0
1500576000;6;Energest  ] Radio Tx;75232;  60000000 ;1
1500576000;6;Energest  ] Radio Rx;58574768;  60000000 ;976
1500576000;6;Energest  ] Radio total;58650000;  60000000 ;977
1500739000;2;Energest  ] CPU;337840;  60000000 ;5
1500739000;2;Energest  ] LPM;59662160;  60000000 ;994
1500739000;2;Energest  ] Deep LPM;0;  60000000 ;0
1500739000;2;Energest  ] Radio Tx;180312;  60000000 ;3
1500739000;2;Energest  ] Radio Rx;50826832;  60000000 ;847
1500739000;2;Energest  ] Radio total;51007144;  60000000 ;850
1500858000;4;Energest  ] CPU;922688;  60000000 ;15
1500858000;4;Energest  ] LPM;59077312;  60000000 ;984
1500858000;4;Energest  ] Deep LPM;0;  60000000 ;0
1500858000;4;Energest  ] Radio Tx;324672;  60000000 ;5
1500858000;4;Energest  ] Radio Rx;58325328;  60000000 ;972
1500858000;4;Energest  ] Radio total;58650000;  60000000 ;977
1560262000;1;Energest  ] CPU;1133792;  60000000 ;18
1560262000;1;Energest  ] LPM;58866208;  60000000 ;981
1560262000;1;Energest  ] Deep LPM;0;  60000000 ;0
1560262000;1;Energest  ] Radio Tx;538880;  60000000 ;8
1560262000;1;Energest  ] Radio Rx;58261120;  60000000 ;971
1560262000;1;Energest  ] Radio total;58800000;  60000000 ;980
1560383000;5;Energest  ] CPU;2015184;  60000000 ;33
1560383000;5;Energest  ] LPM;57984816;  60000000 ;966
1560383000;5;Energest  ] Deep LPM;0;  60000000 ;0
1560383000;5;Energest  ] Radio Tx;1044264;  60000000 ;17
1560383000;5;Energest  ] Radio Rx;57905736;  60000000 ;965
1560383000;5;Energest  ] Radio total;58950000;  60000000 ;982
1560390000;7;Energest  ] CPU;1863872;  60000000 ;31
1560390000;7;Energest  ] LPM;58136128;  60000000 ;968
1560390000;7;Energest  ] Deep LPM;0;  60000000 ;0
1560390000;7;Energest  ] Radio Tx;898536;  60000000 ;14
1560390000;7;Energest  ] Radio Rx;58051464;  60000000 ;967
1560390000;7;Energest  ] Radio total;58950000;  60000000 ;982
1560527000;3;Energest  ] CPU;787384;  60000000 ;13
1560527000;3;Energest  ] LPM;59212616;  60000000 ;986
1560527000;3;Energest  ] Deep LPM;0;  60000000 ;0
1560527000;3;Energest  ] Radio Tx;217024;  60000000 ;3
1560527000;3;Energest  ] Radio Rx;58901936;  60000000 ;981
1560527000;3;Energest  ] Radio total;59118960;  60000000 ;985
1560576000;6;Energest  ] CPU;802904;  60000000 ;13
1560576000;6;Energest  ] LPM;59197096;  60000000 ;986
1560576000;6;Energest  ] Deep LPM;0;  60000000 ;0
1560576000;6;Energest  ] Radio Tx;59752;  60000000 ;0
1560576000;6;Energest  ] Radio Rx;58890248;  60000000 ;981
1560576000;6;Energest  ] Radio total;58950000;  60000000 ;982
1560739000;2;Energest  ] CPU;246256;  60000000 ;4
1560739000;2;Energest  ] LPM;59753744;  60000000 ;995
1560739000;2;Energest  ] Deep LPM;0;  60000000 ;0
1560739000;2;Energest  ] Radio Tx;119736;  60000000 ;1
1560739000;2;Energest  ] Radio Rx;48947848;  60000000 ;815
1560739000;2;Energest  ] Radio total;49067584;  60000000 ;817
1560858000;4;Energest  ] CPU;806040;  60000000 ;13
1560858000;4;Energest  ] LPM;59193960;  60000000 ;986
1560858000;4;Energest  ] Deep LPM;0;  60000000 ;0
1560858000;4;Energest  ] Radio Tx;284480;  60000000 ;4
1560858000;4;Energest  ] Radio Rx;58665520;  60000000 ;977
1560858000;4;Energest  ] Radio total;58950000;  60000000 ;982
1620267432;1;Energest  ] CPU;1128248;  60005432 ;18
1620267432;1;Energest  ] LPM;58877184;  60005432 ;981
1620267432;1;Energest  ] Deep LPM;0;  60005432 ;0
1620267432;1;Energest  ] Radio Tx;535576;  60005432 ;8
1620267432;1;Energest  ] Radio Rx;57969856;  60005432 ;966
1620267432;1;Energest  ] Radio total;58505432;  60005432 ;975
1620383000;5;Energest  ] CPU;2053984;  60000000 ;34
1620383000;5;Energest  ] LPM;57946016;  60000000 ;965
1620383000;5;Energest  ] Deep LPM;0;  60000000 ;0
1620383000;5;Energest  ] Radio Tx;1066032;  60000000 ;17
1620383000;5;Energest  ] Radio Rx;57605592;  60000000 ;960
1620383000;5;Energest  ] Radio total;58671624;  60000000 ;977
1620390000;7;Energest  ] CPU;1995488;  60000000 ;33
1620390000;7;Energest  ] LPM;58004512;  60000000 ;966
1620390000;7;Energest  ] Deep LPM;0;  60000000 ;0
1620390000;7;Energest  ] Radio Tx;973856;  60000000 ;16
1620390000;7;Energest  ] Radio Rx;57826144;  60000000 ;963
1620390000;7;Energest  ] Radio total;58800000;  60000000 ;980
1620527000;3;Energest  ] CPU;800440;  60000000 ;13
1620527000;3;Energest  ] LPM;59199560;  60000000 ;986
1620527000;3;Energest  ] Deep LPM;0;  60000000 ;0
1620527000;3;Energest  ] Radio Tx;222128;  60000000 ;3
1620527000;3;Energest  ] Radio Rx;57550624;  60000000 ;959
1620527000;3;Energest  ] Radio total;57772752;  60000000 ;962
1620576000;6;Energest  ] CPU;823808;  60000000 ;13
1620576000;6;Energest  ] LPM;59176192;  60000000 ;986
1620576000;6;Energest  ] Deep LPM;0;  60000000 ;0
1620576000;6;Energest  ] Radio Tx;58656;  60000000 ;0
1620576000;6;Energest  ] Radio Rx;58591344;  60000000 ;976
1620576000;6;Energest  ] Radio total;58650000;  60000000 ;977
1620739000;2;Energest  ] CPU;199000;  60000000 ;3
1620739000;2;Energest  ] LPM;59801000;  60000000 ;996
1620739000;2;Energest  ] Deep LPM;0;  60000000 ;0
1620739000;2;Energest  ] Radio Tx;86656;  60000000 ;1
1620739000;2;Energest  ] Radio Rx;50937224;  60000000 ;848
1620739000;2;Energest  ] Radio total;51023880;  60000000 ;850
1620858000;4;Energest  ] CPU;834432;  60000000 ;13
1620858000;4;Energest  ] LPM;59165568;  60000000 ;986
1620858000;4;Energest  ] Deep LPM;0;  60000000 ;0
1620858000;4;Energest  ] Radio Tx;297536;  60000000 ;4
1620858000;4;Energest  ] Radio Rx;57452464;  60000000 ;957
1620858000;4;Energest  ] Radio total;57750000;  60000000 ;962
1680262000;1;Energest  ] CPU;1129872;  59994568 ;18
1680262000;1;Energest  ] LPM;58864696;  59994568 ;981
1680262000;1;Energest  ] Deep LPM;0;  59994568 ;0
1680262000;1;Energest  ] Radio Tx;535328;  59994568 ;8
1680262000;1;Energest  ] Radio Rx;56309240;  59994568 ;938
1680262000;1;Energest  ] Radio total;56844568;  59994568 ;947
1680383000;5;Energest  ] CPU;1986584;  60000000 ;33
1680383000;5;Energest  ] LPM;58013416;  60000000 ;966
1680383000;5;Energest  ] Deep LPM;0;  60000000 ;0
1680383000;5;Energest  ] Radio Tx;1026872;  60000000 ;17
1680383000;5;Energest  ] Radio Rx;55973128;  60000000 ;932
1680383000;5;Energest  ] Radio total;57000000;  60000000 ;950
1680390000;7;Energest  ] CPU;1924064;  60000000 ;32
1680390000;7;Energest  ] LPM;58075936;  60000000 ;967
1680390000;7;Energest  ] Deep LPM;0;  60000000 ;0
1680390000;7;Energest  ] Radio Tx;933064;  60000000 ;15
1680390000;7;Energest  ] Radio Rx;56242504;  60000000 ;937
1680390000;7;Energest  ] Radio total;57175568;  60000000 ;952
1680527000;3;Energest  ] CPU;788504;  60000000 ;13
1680527000;3;Energest  ] LPM;59211496;  60000000 ;986
1680527000;3;Energest  ] Deep LPM;0;  60000000 ;0
1680527000;3;Energest  ] Radio Tx;210048;  60000000 ;3
1680527000;3;Energest  ] Radio Rx;56939952;  60000000 ;948
1680527000;3;Energest  ] Radio total;57150000;  60000000 ;952
1680576000;6;Energest  ] CPU;820040;  60000000 ;13
1680576000;6;Energest  ] LPM;59179960;  60000000 ;986
1680576000;6;Energest  ] Deep LPM;0;  60000000 ;0
1680576000;6;Energest  ] Radio Tx;65888;  60000000 ;1
1680576000;6;Energest  ] Radio Rx;56934112;  60000000 ;948
1680576000;6;Energest  ] Radio total;57000000;  60000000 ;950
1680739000;2;Energest  ] CPU;243904;  60000000 ;4
1680739000;2;Energest  ] LPM;59756096;  60000000 ;995
1680739000;2;Energest  ] Deep LPM;0;  60000000 ;0
1680739000;2;Energest  ] Radio Tx;114696;  60000000 ;1
1680739000;2;Energest  ] Radio Rx;48682664;  60000000 ;811
1680739000;2;Energest  ] Radio total;48797360;  60000000 ;813
1680858000;4;Energest  ] CPU;877656;  60000000 ;14
1680858000;4;Energest  ] LPM;59122344;  60000000 ;985
1680858000;4;Energest  ] Deep LPM;0;  60000000 ;0
1680858000;4;Energest  ] Radio Tx;314800;  60000000 ;5
1680858000;4;Energest  ] Radio Rx;56850800;  60000000 ;947
1680858000;4;Energest  ] Radio total;57165600;  60000000 ;952
1740262000;1;Energest  ] CPU;1138344;  60000000 ;18
1740262000;1;Energest  ] LPM;58861656;  60000000 ;981
1740262000;1;Energest  ] Deep LPM;0;  60000000 ;0
1740262000;1;Energest  ] Radio Tx;541672;  60000000 ;9
1740262000;1;Energest  ] Radio Rx;57058328;  60000000 ;950
1740262000;1;Energest  ] Radio total;57600000;  60000000 ;960
1740383000;5;Energest  ] CPU;2006120;  60000000 ;33
1740383000;5;Energest  ] LPM;57993880;  60000000 ;966
1740383000;5;Energest  ] Deep LPM;0;  60000000 ;0
1740383000;5;Energest  ] Radio Tx;1042920;  60000000 ;17
1740383000;5;Energest  ] Radio Rx;56573248;  60000000 ;942
1740383000;5;Energest  ] Radio total;57616168;  60000000 ;960
1740390000;7;Energest  ] CPU;1864496;  60000000 ;31
1740390000;7;Energest  ] LPM;58135504;  60000000 ;968
1740390000;7;Energest  ] Deep LPM;0;  60000000 ;0
1740390000;7;Energest  ] Radio Tx;911768;  60000000 ;15
1740390000;7;Energest  ] Radio Rx;56714776;  60000000 ;945
1740390000;7;Energest  ] Radio total;57626544;  60000000 ;960
1740527000;3;Energest  ] CPU;780752;  60000000 ;13
1740527000;3;Energest  ] LPM;59219248;  60000000 ;986
1740527000;3;Energest  ] Deep LPM;0;  60000000 ;0
1740527000;3;Energest  ] Radio Tx;211800;  60000000 ;3
1740527000;3;Energest  ] Radio Rx;57388200;  60000000 ;956
1740527000;3;Energest  ] Radio total;57600000;  60000000 ;960
1740576000;6;Energest  ] CPU;840152;  60000000 ;14
1740576000;6;Energest  ] LPM;59159848;  60000000 ;985
1740576000;6;Energest  ] Deep LPM;0;  60000000 ;0
1740576000;6;Energest  ] Radio Tx;85200;  60000000 ;1
1740576000;6;Energest  ] Radio Rx;57537552;  60000000 ;958
1740576000;6;Energest  ] Radio total;57622752;  60000000 ;960
1740739000;2;Energest  ] CPU;260888;  60000000 ;4
1740739000;2;Energest  ] LPM;59739112;  60000000 ;995
1740739000;2;Energest  ] Deep LPM;0;  60000000 ;0
1740739000;2;Energest  ] Radio Tx;124072;  60000000 ;2
1740739000;2;Energest  ] Radio Rx;48991488;  60000000 ;816
1740739000;2;Energest  ] Radio total;49115560;  60000000 ;818
1740858000;4;Energest  ] CPU;857264;  60000000 ;14
1740858000;4;Energest  ] LPM;59142736;  60000000 ;985
1740858000;4;Energest  ] Deep LPM;0;  60000000 ;0
1740858000;4;Energest  ] Radio Tx;307640;  60000000 ;5
1740858000;4;Energest  ] Radio Rx;57292360;  60000000 ;954
1740858000;4;Energest  ] Radio total;57600000;  60000000 ;960
